ticker,name,exchange,industry,sector,MarketCap,InternalOwnership,ExternalOwnership,StateOwnership,AvgValue20P
AAA,Công ty cổ phần Nhựa An Phát Xanh,HOSE,Công nghiệp tổng hợp,Hàng hóa và dịch vụ công nghiệp,2483711708800,0.097,99.903,0.25,15323434900
AAS,Công ty Cổ phần Chứng khoán SmartInvest,UPCOM,Dịch vụ tài chính,Dịch vụ tài chính,188263000000,10.645,89.355,0,1769448790
AAV,Công ty cổ phần Việt Tiên Sơn Địa ốc,HNX,Xây dựng & Vật liệu,Xây dựng & Vật liệu,229499971200,44.232,55.768,0,1858966070
ABS,Công ty Cổ phần Dịch vụ Nông nghiệp Bình Thuận,HOSE,Dược phẩm & công nghệ sinh học,Y tế,394990660150,19.652,80.348,0,1555126850
ACB,Ngân hàng Thương mại Cổ phần Á Châu,HNX,Ngân hàng,Ngân hàng,55119740730000,6.326,93.674,0,256184497100
ACL,Công ty Cổ phần Xuất nhập khẩu Thủy sản Cửu Long An Giang,HOSE,Sản xuất thực phẩm,Thực phẩm & Đồ uống,657083148900,70.241,29.759,0,1268254500
ACV,Tổng công ty cảng hàng không Việt Nam - CTCP,UPCOM,Giao thông công nghiệp,Hàng hóa và dịch vụ công nghiệp,137270655298480,0,100,95.4,11704785450
ADG,Công ty Cổ phần Clever Group,UPCOM,Truyền thông,Phương tiện truyền thông,1032049092555,31.788,68.212,0,2819515155
AFX,Công ty Cổ phần Xuất nhập khẩu Nông sản thực phẩm An Giang,UPCOM,Sản xuất thực phẩm,Thực phẩm & Đồ uống,328475000000,0.652,99.348,51,1358169075
AGG,CTCP Đầu tư và Phát triển Bất động sản An Gia,HOSE,Dịch vụ Đầu tư Bất Động Sản,Bất động sản,2427203238150,1.588,98.412,0,20841695825
AGR,Công ty Cổ phần Chứng khoán Agribank,HOSE,Dịch vụ tài chính,Dịch vụ tài chính,996863778160,0.002,99.998,74.92,2630523190
AMD,Công ty cổ phần đầu tư và khoáng sản FLC Stone,HOSE,Bán lẻ,Dịch vụ bán lẻ,454543549720,0.428,99.572,0,8952141250
AMV,Công ty Cổ phần Sản xuất kinh doanh dược và Trang thiết bị y tế Việt Mỹ,HNX,Dụng cụ & dịch vụ y tế,Y tế,614985129000,18.156,81.844,0,4874426505
ANV,Công ty TNHH Amicogen Nam Việt,HOSE,Sản xuất thực phẩm,Thực phẩm & Đồ uống,2701467343750,97.115,2.885,0,6659132300
APG,Công ty Cổ phần Chứng khoán An Phát,HOSE,Dịch vụ tài chính,Dịch vụ tài chính,353900560000,14.032,85.968,0,7670241805
APH,Công ty cổ phần Tập đoàn An Phát Holdings,HOSE,Hóa chất,Hóa chất,10868790819900,10.021,89.979,0,27451081300
ART,Công ty cổ phần Chứng khoán BOS,HNX,Dịch vụ tài chính,Dịch vụ tài chính,232614021600,3.772,96.228,0,2823354210
ASG,Công ty Cổ phần Tập đoàn ASG,HOSE,Giao thông công nghiệp,Hàng hóa và dịch vụ công nghiệp,2301141186000,4.065,95.935,0,1125732750
ASM,Công ty Cổ phần Tập đoàn Sao Mai ,HOSE,Dịch vụ Đầu tư Bất Động Sản,Bất động sản,2428180423620,48.835,51.165,0,31830697690
AST,Công ty Cổ phần Dịch vụ Hàng không Taseco,HOSE,Bán lẻ,Dịch vụ bán lẻ,2135250000000,1.069,98.931,0,4015401475
BAX,Công ty Cổ phần Thống Nhất,HNX,Dịch vụ Đầu tư Bất Động Sản,Bất động sản,442800000000,2.01,97.99,0,1671670670
BCG,Công ty Cổ phần Bamboo Capital,HOSE,Dịch vụ hỗ trợ,Hàng hóa và dịch vụ công nghiệp,1066285158400,33.296,66.704,0,4016451220
BFC,Công ty Cổ phần Phân bón Bình Điền ,HOSE,Hóa chất,Hóa chất,900395889750,0.437,99.563,65,7292650375
BIC,Tổng Công ty Cổ phần Bảo Hiểm Ngân hàng Đầu tư và Phát triển Việt Nam ,HOSE,Bảo hiểm phi nhân thọ,Bảo hiểm,2257580228750,0.032,99.968,50.95,2809699750
BID,Ngân hàng Thương mại Cổ phần Đầu tư và Phát triển Việt Nam ,HOSE,Ngân hàng,Ngân hàng,159875217090000,0.007,99.993,80.99,100185323900
BMI,Tổng Công ty Cổ phần Bảo Minh ,HOSE,Bảo hiểm phi nhân thọ,Bảo hiểm,2466558999000,0.048,99.952,50.7,5723493025
BMP,Công ty Cổ phần nhựa Bình Minh,HOSE,Xây dựng & Vật liệu,Xây dựng & Vật liệu,4436862839600,1.691,98.309,0.02,9359163500
BSR,Công ty cổ phần Lọc – Hóa dầu Bình Sơn,UPCOM,Sản xuất dầu khí,Dầu khí,21111301885344,0.001,99.999,0,15910545235
BVB,Ngân hàng TMCP Bản Việt,UPCOM,Ngân hàng,Ngân hàng,3968506500000,17.213,82.787,0,22676714550
BVH,Tập đoàn Bảo Việt ,HOSE,Bảo hiểm phi nhân thọ,Bảo hiểm,39046177386400,0.034,99.966,62.84,69576176575
BVS,Công ty Cổ phần Chứng khoán Bảo Việt,HNX,Dịch vụ tài chính,Dịch vụ tài chính,758101522500,0.158,99.842,0,2477179235
BWE,Công ty Cổ phần Nước - Môi trường Bình Dương,HOSE,"Ga, nước & dịch vụ công cộng gia dụng",Dịch vụ tiện ích,3705000000000,7.553,92.447,25,7078274175
C32,Công ty cổ phần CIC39,HOSE,Xây dựng & Vật liệu,Xây dựng & Vật liệu,367487045250,2.366,97.634,0,4597956975
C47,Công ty Cổ phần Xây dựng 47,HOSE,Xây dựng & Vật liệu,Xây dựng & Vật liệu,142288286800,7.028,92.972,0,1266181690
C4G,Công ty cổ phần Tập đoàn CIENCO4,UPCOM,Xây dựng & Vật liệu,Xây dựng & Vật liệu,748300000000,12.355,87.645,0,2747869330
C69,Công ty cổ phần Xây dựng 1369,HNX,Xây dựng & Vật liệu,Xây dựng & Vật liệu,192000000000,28.686,71.314,0,1152388405
CCL,Công ty Cổ phần Đầu tư và Phát triển Đô thị Dầu khí Cửu Long,HOSE,Dịch vụ Đầu tư Bất Động Sản,Bất động sản,355299139800,26.992,73.008,0,3058405515
CEO,Công ty Cổ phần Tập Đoàn C.E.O,HNX,Dịch vụ Đầu tư Bất Động Sản,Bất động sản,1801379895000,34.218,65.782,0,10030147360
CII,Công ty Cổ phần Đầu tư Hạ tầng Kỹ thuật Thành phố Hồ Chí Minh ,HOSE,Dịch vụ Đầu tư Bất Động Sản,Bất động sản,4048308879900,4.09,95.91,0,31146001500
CKG,CÔNG TY CÔ PHẦN TẬP ĐOÀN TƯ VẤN ĐẦU TƯ XÂY DỰNG KIÊN GIANG,HOSE,Hàng gia dụng,Đồ dùng cá nhân và đồ gia dụng,561747656700,20.605,79.395,3.18,5907190200
CMG,Công ty Cổ phần Tập đoàn Công nghệ CMC,HOSE,Phần mềm & Dịch vụ máy tính,Công nghệ,3364995490900,3.588,96.412,0,1489165475
CMX,Công ty cổ phần Camimex Group,HOSE,Sản xuất thực phẩm,Thực phẩm & Đồ uống,447008639700,27.199,72.801,0,7628035100
CRC,Công ty Cổ phần Create Capital Việt Nam,HOSE,Bán lẻ,Dịch vụ bán lẻ,211500000000,23.897,76.103,0,3933371150
CRE,Công ty Cổ phần Bất động sản Thế kỷ,HOSE,Dịch vụ Đầu tư Bất Động Sản,Bất động sản,2067997208200,4.086,95.914,0,26249445825
CSM,Công ty Cổ phần Công nghiệp Cao su Miền Nam,HOSE,Ôtô & phụ tùng ôtô,Ôtô & linh kiện phụ tùng ,1709816823000,10.142,89.858,51.26,1838879350
CSV,Công ty Cổ phần hóa chất cơ bản Miền Nam ,HOSE,Hóa chất,Hóa chất,1233180000000,0.148,99.852,65.01,9187532925
CTD,Công ty Cổ phần Xây dựng Coteccons,HOSE,Xây dựng & Vật liệu,Xây dựng & Vật liệu,4264754830700,2.813,97.187,0,74517135850
CTF,Công ty Cổ phần City Auto,HOSE,Bán lẻ,Dịch vụ bán lẻ,944954336000,28.914,71.086,0,4331383450
CTG,Ngân hàng Thương mại Cổ phần Công Thương Việt Nam,HOSE,Ngân hàng,Ngân hàng,113936179413600,0.006,99.994,64.46,282067090600
CTI,Công ty Cổ phần Đầu tư Phát triển Cường Thuận IDICO,HOSE,Xây dựng & Vật liệu,Xây dựng & Vật liệu,706919961300,9.827,90.173,0,5800508675
CTR,Công ty cổ phần Công trình Viettel,UPCOM,Viễn thông cố định,Viễn thông,3400219580625,0.189,99.811,73.22,14895199045
CTS,Công ty Cổ phần Chứng khoán Ngân hàng Công thương Việt Nam,HOSE,Dịch vụ tài chính,Dịch vụ tài chính,771397201500,0.003,99.997,0,1256627005
CVT,Công ty Cổ phần CMC,HOSE,Xây dựng & Vật liệu,Xây dựng & Vật liệu,946624884600,15.515,84.485,0,19694231300
D2D,Công ty Cổ phần Phát triển Đô thị Công nghiệp Số 2 ,HOSE,Dịch vụ Đầu tư Bất Động Sản,Bất động sản,1434160846400,2.46,97.54,0,11727702500
DAG,Công ty Cổ phần Tập đoàn Nhựa Đông Á,HOSE,Xây dựng & Vật liệu,Xây dựng & Vật liệu,341839027200,6.573,93.427,0,2226909895
DAH,Công ty cổ phần Tập đoàn Khách sạn Đông Á,HOSE,Du lịch & Giải trí,Du lịch & Giải trí,144666000000,30.898,69.102,0,3688397840
DBC,Công ty Cổ phần Tập đoàn Dabaco Việt Nam,HOSE,Sản xuất thực phẩm,Thực phẩm & Đồ uống,4384369675350,29.669,70.331,0,79730330375
DC4,Công ty cổ phần Xây dựng DIC Holdings,HOSE,Xây dựng & Vật liệu,Xây dựng & Vật liệu,409596902400,9.886,90.114,0,1074458475
DCM,Công ty Cổ phần Phân Bón Dầu khí Cà Mau,HOSE,Hóa chất,Hóa chất,6670440000000,0.028,99.972,75.56,42058422250
DDG,Công ty cổ phần Đầu tư Công nghiệp Xuất nhập khẩu Đông Dương,HNX,Dụng cụ điện & Điện tử,Hàng hóa và dịch vụ công nghiệp,798558404000,19.379,80.621,0,2653691815
DGC,Công ty cổ phần Tập đoàn Hóa chất Đức Giang,HOSE,Hóa chất,Hóa chất,6218421726000,34.677,65.323,0,24018019725
DGW,Công ty Cổ phần Thế giới Số,HOSE,Bán lẻ,Dịch vụ bán lẻ,2601516819000,20.254,79.746,0,21064742700
DHA,Công ty Cổ phần Hoá An,HOSE,Xây dựng & Vật liệu,Xây dựng & Vật liệu,566953810500,2.971,97.029,0,1020844975
DHC,Công ty Cổ phần Đông Hải Bến Tre ,HOSE,Sản xuất giấy & Trồng rừng,Tài nguyên,2715795475500,29.122,70.878,0,20739406025
DHM,Công ty cổ phần thương mại và khai thác khoáng sản Dương Hiếu,HOSE,Khai thác mỏ,Tài nguyên,257762637800,25.401,74.599,0,3262941715
DHT,Công ty Cổ phần Dược phẩm Hà Tây ,HNX,Dược phẩm & công nghệ sinh học,Y tế,1128120496800,54.763,45.237,0,1248608250
DIG,Tổng Công ty Cổ phần Đầu tư Phát triển Xây dựng,HOSE,Dịch vụ Đầu tư Bất Động Sản,Bất động sản,6241104279850,10.799,89.201,0,66200981950
DLG,Công ty Cổ phần Tập đoàn Đức Long Gia Lai,HOSE,Hàng gia dụng,Đồ dùng cá nhân và đồ gia dụng,404068122000,22.106,77.894,0,3973512115
DMC,Công ty Cổ phần Xuất nhập khẩu Y tế Domesco,HOSE,Dụng cụ & dịch vụ y tế,Y tế,1795409940500,0.099,99.901,34.71,5117080000
DNM,Tổng Công ty Cổ phần Y tế Danameco ,HNX,Dụng cụ & dịch vụ y tế,Y tế,186485973000,64.737,35.263,0,1018509370
DPG,Công ty Cổ phần Đạt Phương,HOSE,Xây dựng & Vật liệu,Xây dựng & Vật liệu,1178844851000,52.344,47.656,0,8460813775
DPM,Tổng Công ty Cổ phần Phân bón và Hóa chất dầu khí,HOSE,Hóa chất,Hóa chất,6652682420000,0.084,99.916,59.58,37468142350
DRC,Công ty Cổ phần Cao Su Đà Nẵng,HOSE,Ôtô & phụ tùng ôtô,Ôtô & linh kiện phụ tùng ,2340214318500,2.773,97.227,50.51,16717592925
DRH,Công ty Cổ phần DRH Holdings,HOSE,Dịch vụ Đầu tư Bất Động Sản,Bất động sản,412217362390,3.699,96.301,0,5296999410
DRI,Công ty Cổ phần Đầu tư cao su Đắk Lắk,UPCOM,Hóa chất,Hóa chất,513790800000,2.019,97.981,0,4214613080
DST,Công ty Cổ phần Đầu tư Sao Thăng Long,HNX,Bán lẻ,Dịch vụ bán lẻ,109544600000,0,100,0,1469895525
DTD,Công ty Cổ phần Đầu tư Phát triển Thành Đạt,HNX,Xây dựng & Vật liệu,Xây dựng & Vật liệu,613150831900,48.513,51.487,0,5004103750
DVN,Tổng công ty Dược Việt Nam - CTCP,UPCOM,Dược phẩm & công nghệ sinh học,Y tế,3220593000000,0.014,99.986,0,2281721255
DVP,Công ty Cổ phần Đầu tư và Phát triển cảng Đình Vũ,HOSE,Giao thông công nghiệp,Hàng hóa và dịch vụ công nghiệp,1856000000000,0.283,99.717,0,1179751100
DXG,Công ty Cổ phần Tập đoàn Đất Xanh,HOSE,Dịch vụ Đầu tư Bất Động Sản,Bất động sản,6400846685350,15.438,84.562,0,66444922675
DXP,Công ty Cổ phần Cảng Đoạn Xá,HNX,Giao thông công nghiệp,Hàng hóa và dịch vụ công nghiệp,319640432100,24.344,75.656,0,2340891835
EIB,Ngân hàng Thương mại Cổ phần Xuất nhập khẩu Việt Nam,HOSE,Ngân hàng,Ngân hàng,21207717594000,1.162,98.838,0.53,6203510000
ELC,Công ty Cổ phần Đầu tư Phát triển Công nghệ điện tử - Viễn thông ,HOSE,Phần mềm & Dịch vụ máy tính,Công nghệ,333576890320,35.208,64.792,0,1094100950
EVF,Công ty Tài chính Cổ phần Điện lực,UPCOM,Dịch vụ tài chính,Dịch vụ tài chính,2164366972520,0.209,99.791,7.5,1322043240
EVG,Công ty cổ phần Tập đoàn Everland,HOSE,Xây dựng & Vật liệu,Xây dựng & Vật liệu,312000000000,37.043,62.957,0,8969660360
FCN,Công ty Cổ phần FECON,HOSE,Xây dựng & Vật liệu,Xây dựng & Vật liệu,1274716688400,8.906,91.094,0,10524847300
FIR,Công ty Cổ phần Địa ốc First Real,HOSE,Dịch vụ Đầu tư Bất Động Sản,Bất động sản,670591900800,12.68,87.32,0,2543412225
FIT,Công ty cổ phần Tập đoàn F.I.T,HOSE,Dịch vụ Đầu tư Bất Động Sản,Bất động sản,2114261050100,6.103,93.897,0,3312021010
FLC,Công ty Cổ phần Tập đoàn FLC,HOSE,Dịch vụ Đầu tư Bất Động Sản,Bất động sản,3415089451670,23.305,76.695,0,64973069915
FMC,Công ty Cổ phần Thực phẩm Sao Ta ,HOSE,Sản xuất thực phẩm,Thực phẩm & Đồ uống,1539981600000,4.13,95.87,2.81,8442846650
FPT,Công ty Cổ phần FPT,HOSE,Phần mềm & Dịch vụ máy tính,Công nghệ,41546970830000,12.685,87.315,5.87,128826828250
FRT,Công ty cổ phần Bán lẻ Kỹ thuật số FPT,HOSE,Bán lẻ,Dịch vụ bán lẻ,1761293961600,1.204,98.796,0,10053727975
FTS,Công ty Cổ phần Chứng khoán FPT,HOSE,Dịch vụ tài chính,Dịch vụ tài chính,1620271472750,16.653,83.347,0,3194065275
G36,Tổng công ty 36 - CTCP,UPCOM,Xây dựng & Vật liệu,Xây dựng & Vật liệu,877406400000,31.095,68.905,0,10268163020
GAB,CÔNG TY CỔ PHẦN ĐẦU TƯ KHAI KHOÁNG & QUẢN LÝ TÀI SẢN FLC,HOSE,Xây dựng & Vật liệu,Xây dựng & Vật liệu,2655120000000,4.931,95.069,0,52975695900
GAS,Tổng Công ty Khí Việt Nam - CTCP,HOSE,"Ga, nước & dịch vụ công cộng gia dụng",Dịch vụ tiện ích,137613005000000,0.004,99.996,95.76,67103485050
GEG,Công ty Cổ phần Điện Gia Lai,HOSE,Điện lực,Dịch vụ tiện ích,4284567970400,2.001,97.999,0,6905523450
GEX,Tổng Công ty Cổ phần Thiết bị điện Việt Nam,HOSE,Dụng cụ điện & Điện tử,Hàng hóa và dịch vụ công nghiệp,9634365525000,11.331,88.669,0,168022706475
GIL,Công ty Cổ phần Sản Xuất Kinh Doanh Xuất Nhập Khẩu Bình Thạnh,HOSE,Hàng hóa cá nhân,Đồ dùng cá nhân và đồ gia dụng,1135288890000,18.006,81.994,0,10305816100
GKM,Công ty cổ phần Khang Minh Group,HNX,Xây dựng & Vật liệu,Xây dựng & Vật liệu,248557940300,37.632,62.368,0,3564026800
GMD,Công ty Cổ phần Gemadept ,HOSE,Giao thông công nghiệp,Hàng hóa và dịch vụ công nghiệp,7022275233050,3.718,96.282,0,11463863625
GTN,Công ty cổ phần GTNFOODS,HOSE,Sản xuất thực phẩm,Thực phẩm & Đồ uống,5951100000000,0.164,99.836,0,55499868800
GVR,Tập đoàn Công nghiệp Cao su Việt Nam - Công ty cổ phần,HOSE,Hóa chất,Hóa chất,62000000000000,0.012,99.988,96.77,70847436675
HAG,Công ty Cổ phần Hoàng Anh Gia Lai,HOSE,Dịch vụ Đầu tư Bất Động Sản,Bất động sản,4284584687460,35.695,64.305,0,36839747030
HAH,Công ty Cổ phần Vận tải và xếp dỡ Hải An ,HOSE,Giao thông công nghiệp,Hàng hóa và dịch vụ công nghiệp,608997454300,6.467,93.533,0,2509404150
HAI,Công ty Cổ phần Nông dược H.A.I,HOSE,Hóa chất,Hóa chất,524299633130,0.117,99.883,0,7554299035
HAP,Công ty Cổ phần Tập đoàn HAPACO,HOSE,Sản xuất giấy & Trồng rừng,Tài nguyên,289004696710,18.738,81.262,0,2387276825
HAR,Công ty Cổ phần Đầu tư Thương mại Bất động sản An Dương Thảo Điền,HOSE,Dịch vụ Đầu tư Bất Động Sản,Bất động sản,430458950600,17.845,82.155,0,2530879935
HAX,Công ty Cổ phần Dịch vụ Ô tô Hàng Xanh,HOSE,Bán lẻ,Dịch vụ bán lẻ,569287505950,48.845,51.155,0,5350972100
HBC,Công ty Cổ phần Tập đoàn Xây dựng Hòa Bình,HOSE,Xây dựng & Vật liệu,Xây dựng & Vật liệu,2435735448900,25.279,74.721,0,48958925420
HCD,Công ty cổ phần Đầu tư Sản xuất và Thương mại HCD,HOSE,Xây dựng & Vật liệu,Xây dựng & Vật liệu,67230000000,19.405,80.595,0,1046714735
HCM,Công ty Cổ phần Chứng khoán Thành phố Hồ Chí Minh,HOSE,Dịch vụ tài chính,Dịch vụ tài chính,6680416405500,1.229,98.771,28.61,57621567500
HDB,Ngân hàng Thương mại cổ phần Phát triển thành phố Hồ Chí Minh,HOSE,Ngân hàng,Ngân hàng,31643510043600,14.376,85.624,3.07,47353525325
HDC,Công ty Cổ phần Phát triển nhà Bà Rịa-Vũng Tàu,HOSE,Dịch vụ Đầu tư Bất Động Sản,Bất động sản,1534887686400,20.34,79.66,0,19491648200
HDG,Công ty Cổ phần Tập đoàn Hà Đô,HOSE,Dịch vụ Đầu tư Bất Động Sản,Bất động sản,3717241623100,48.921,51.079,0,27555513025
HHP,Công ty cổ phần Giấy Hoàng Hà Hải Phòng,HNX,Sản xuất giấy & Trồng rừng,Tài nguyên,225000000000,24.729,75.271,0,1769144245
HHS,Công ty Cổ phần Đầu tư - Dịch vụ Hoàng Huy ,HOSE,Ôtô & phụ tùng ôtô,Ôtô & linh kiện phụ tùng ,1321518943030,5.392,94.608,0,16153179185
HII,Công ty Cổ phần An Tiến Industries,HOSE,Khai thác mỏ,Tài nguyên,451587750000,0.284,99.716,0,2819776375
HLD,Công ty Cổ phần Đầu tư và Phát triển Bất động sản HUDLAND,HNX,Xây dựng & Vật liệu,Xây dựng & Vật liệu,560000000000,1.262,98.738,0,2149711660
HND,Công ty Cổ phần Nhiệt điện Hải Phòng,UPCOM,Điện lực,Dịch vụ tiện ích,8832500000000,0.021,99.979,60,1079107855
HNG,Công ty Cổ phần Nông nghiệp Quốc tế Hoàng Anh Gia Lai,HOSE,Sản xuất thực phẩm,Thực phẩm & Đồ uống,12083237455500,0.094,99.906,0,20049278675
HPG,Công ty cổ phần Tập đoàn Hòa Phát ,HOSE,Kim loại công nghiệp,Tài nguyên,101552113498350,44.799,55.201,0,518678753225
HPX,Công ty cổ phần Đầu tư Hải Phát,HOSE,Dịch vụ Đầu tư Bất Động Sản,Bất động sản,7485196670600,45.248,54.752,0,11656700650
HQC,Công ty Cổ phần Tư vấn - Thương mại - Dịch vụ Địa ốc Hoàng Quân,HOSE,Dịch vụ Đầu tư Bất Động Sản,Bất động sản,791154794840,14.463,85.537,0,11152708150
HSG,Công ty Cổ phần Tập đoàn Hoa Sen ,HOSE,Kim loại công nghiệp,Tài nguyên,7308703958850,17.87,82.13,0,175089931625
HT1,Công ty Cổ phần xi măng Hà Tiên 1,HOSE,Xây dựng & Vật liệu,Xây dựng & Vật liệu,6047439289350,3.024,96.976,79.69,18943325675
HTN,Công ty cổ phần Hưng Thịnh Incons,HOSE,Xây dựng & Vật liệu,Xây dựng & Vật liệu,1100971959300,17.853,82.147,0,4982022100
HUT,Công ty Cổ phần TASCO ,HNX,Xây dựng & Vật liệu,Xây dựng & Vật liệu,644716716000,15.354,84.646,0,7308584055
HVH,Công ty cổ phần Đầu tư và Công nghệ HVC,HOSE,Hàng hóa giải trí,Đồ dùng cá nhân và đồ gia dụng,173404960500,53.447,46.553,0,1509753975
HVN,Tổng Công ty Hàng không Việt Nam - CTCP,HOSE,Du lịch & Giải trí,Du lịch & Giải trí,35811843886750,0.009,99.991,86.19,9837020575
IBC,Công ty cổ phần Đầu tư APAX HOLDINGS,HOSE,Dịch vụ tài chính,Dịch vụ tài chính,1823530577250,14.272,85.728,0,3919237950
IDC,Tổng Công ty IDICO - CTCP,HNX,Dịch vụ Đầu tư Bất Động Sản,Bất động sản,8040000000000,0.012,99.988,0,4915135435
IDI,Công ty Cổ phần Đầu tư và Phát triển Đa Quốc Gia IDI,HOSE,Sản xuất thực phẩm,Thực phẩm & Đồ uống,1215622206720,6.215,93.785,0,9956486165
IDJ,Công ty cổ phần Đầu tư IDJ Việt Nam,HNX,Dịch vụ Đầu tư Bất Động Sản,Bất động sản,466180000000,4.143,95.857,0,2862020350
IDV,Công ty Cổ phần Phát triển hạ tầng Vĩnh Phúc,HNX,Dịch vụ Đầu tư Bất Động Sản,Bất động sản,908016323400,44.091,55.909,0,1011186420
IJC,Công ty Cổ phần Phát triển Hạ tầng Kỹ thuật,HOSE,Xây dựng & Vật liệu,Xây dựng & Vật liệu,1672587340600,0.001,99.999,0,5343941725
IMP,Công ty Cổ phần dược phẩm Imexpharm,HOSE,Dược phẩm & công nghệ sinh học,Y tế,3296909136500,2.654,97.346,0,4570571525
ITA,Công ty Cổ phần Đầu tư và Công nghiệp Tân Tạo ,HOSE,Dịch vụ Đầu tư Bất Động Sản,Bất động sản,4616542149000,8.037,91.963,0,61452280990
JVC,Công ty Cổ phần Thiết bị Y tế Việt Nhật,HOSE,Dụng cụ & dịch vụ y tế,Y tế,465750707940,10.178,89.822,0,2694787860
KBC,Tổng Công ty Phát triển Đô thị Kinh Bắc - CTCP,HOSE,Dịch vụ Đầu tư Bất Động Sản,Bất động sản,6529666627100,20.988,79.012,0,29402122750
KDC,Công ty Cổ phần tập đoàn Kido ,HOSE,Sản xuất thực phẩm,Thực phẩm & Đồ uống,7198139935000,14.336,85.664,0,17877588250
KDF,Công ty cổ phần Thực phẩm Đông lạnh KIDO,UPCOM,Sản xuất thực phẩm,Thực phẩm & Đồ uống,2133416560000,1.193,98.807,0,1571282330
KDH,Công ty Cổ phần Đầu tư và Kinh doanh Nhà Khang Điền,HOSE,Dịch vụ Đầu tư Bất Động Sản,Bất động sản,13578999869700,2.107,97.893,0,18967145050
KLF,Công ty cổ phần Đầu tư Thương mại và Xuất nhập khẩu CFS,HNX,Du lịch & Giải trí,Du lịch & Giải trí,297634609800,0,100,0,3928061515
KOS,Công ty cổ phần Kosy,HOSE,Dịch vụ Đầu tư Bất Động Sản,Bất động sản,3351125000000,59.966,40.034,0,17555180100
KSB,Công ty Cổ phần Khoáng sản và Xây dựng Bình Dương,HOSE,Khai thác mỏ,Tài nguyên,1603334450000,3.12,96.88,0,27259376500
L14,Công ty Cổ phần Licogi 14,HNX,Xây dựng & Vật liệu,Xây dựng & Vật liệu,1246603253700,15.392,84.608,0,2319152185
LAS,Công ty Cổ phần Supe Phốt phát và Hóa chất Lâm Thao,HNX,Hóa chất,Hóa chất,970565040000,0.097,99.903,69.82,4096954505
LCG,Công ty Cổ phần LICOGI 16,HOSE,Xây dựng & Vật liệu,Xây dựng & Vật liệu,1187056171600,20.406,79.594,0,9842999695
LDG,Công ty Cổ phần Đầu tư LDG ,HOSE,Dịch vụ Đầu tư Bất Động Sản,Bất động sản,1582827912600,12.261,87.739,0,23991527985
LHG,Công ty Cổ phần Long Hậu ,HOSE,Dịch vụ Đầu tư Bất Động Sản,Bất động sản,1290309858000,1.316,98.684,48.67,5328068100
LIG,Công ty Cổ phần Licogi 13,HNX,Xây dựng & Vật liệu,Xây dựng & Vật liệu,209397207600,18.696,81.304,6.23,1433490370
LIX,Công ty Cổ phần Bột giặt Lix,HOSE,Hàng gia dụng,Đồ dùng cá nhân và đồ gia dụng,1853280000000,0.403,99.597,51,5311055250
LPB,Ngân hàng Thương mại Cổ phần Bưu điện Liên Việt,HOSE,Ngân hàng,Ngân hàng,12158121829955,4.8473,95.1527,0,132640269230
LTG,Công ty Cổ phần Tập đoàn Lộc Trời,UPCOM,Hóa chất,Hóa chất,1987592951080,3.211,96.789,24.15,4522216205
MBB,Ngân hàng Thương mại Cổ phần Quân đội ,HOSE,Ngân hàng,Ngân hàng,51164446874400,0.702,99.298,0,119285214150
MBG,Công ty cổ phần Tập đoàn MBG,HNX,Xây dựng & Vật liệu,Xây dựng & Vật liệu,347285520000,1.716,98.284,0,6031422405
MBS,Công ty Cổ phần chứng khoán MB,HNX,Dịch vụ tài chính,Dịch vụ tài chính,1741818680200,0.023,99.977,0,1482895605
MCH,Công ty cổ phần Hàng Tiêu Dùng Masan,UPCOM,Sản xuất thực phẩm,Thực phẩm & Đồ uống,53192849659446,0.213,99.787,0,4645878300
MHC,Công ty Cổ phần MHC,HOSE,Giao thông công nghiệp,Hàng hóa và dịch vụ công nghiệp,235190873920,0,100,0,1141918375
MIG,Tổng Công ty Cổ phần Bảo Hiểm Quân Đội,UPCOM,Bảo hiểm phi nhân thọ,Bảo hiểm,1481870000000,0.745,99.255,0,1121464890
MLS,Công ty Cổ phần Chăn nuôi - Mitraco,UPCOM,Sản xuất thực phẩm,Thực phẩm & Đồ uống,195812000000,0.018,99.982,0,1469899150
MML,Công ty Cổ phần Masan MEATLife,UPCOM,Sản xuất thực phẩm,Thực phẩm & Đồ uống,14266657223949,0.808,99.192,0,1474068045
MPC,Công ty cổ phần Tập đoàn Thủy sản Minh Phú,UPCOM,Sản xuất thực phẩm,Thực phẩm & Đồ uống,5519866972080,39.781,60.219,0,3440374840
MSH,Công ty cổ phần May Sông Hồng,HOSE,Hàng hóa cá nhân,Đồ dùng cá nhân và đồ gia dụng,1655311140000,43.158,56.842,0,2283144875
MSN,Công ty Cổ phần Tập đoàn Ma San,HOSE,Sản xuất thực phẩm,Thực phẩm & Đồ uống,98908329313200,4.489,95.511,0,354787377700
MSR,CÔNG TY CỔ PHẦN MASAN HIGH-TECH MATERIALS,UPCOM,Khai thác mỏ,Tài nguyên,15601302115938,0.527,99.473,0,4932204105
MST,Công ty cổ phần đầu tư MST,HNX,Xây dựng & Vật liệu,Xây dựng & Vật liệu,152735939800,21.76,78.24,0,4002761210
MWG,Công ty Cổ phần đầu tư thế giới di động,HOSE,Bán lẻ,Dịch vụ bán lẻ,48338309479200,8.78,91.22,0,92827627950
NAF,Công ty Cổ phần Nafoods Group ,HOSE,Đồ uống,Thực phẩm & Đồ uống,1044112990500,54.299,45.701,0,1595749600
NBB,Công ty Cổ phần đầu tư Năm Bảy Bảy ,HOSE,Dịch vụ Đầu tư Bất Động Sản,Bất động sản,2137056762400,1.11,98.89,0,15992264000
NCT,Công ty Cổ phần dịch vụ hàng hóa Nội Bài ,HOSE,Giao thông công nghiệp,Hàng hóa và dịch vụ công nghiệp,1766186910000,0.108,99.892,65.07,1257089450
NDN,Công ty Đầu tư Phát triển Nhà Đà Nẵng ,HNX,Dịch vụ Đầu tư Bất Động Sản,Bất động sản,1127839145500,8.915,91.085,0,9930919830
NHH,Công ty Cổ phần Nhựa Hà Nội,HOSE,Hóa chất,Hóa chất,1931320000000,0.142,99.858,0,8478438650
NKG,Công ty Cổ phần Thép Nam Kim,HOSE,Kim loại công nghiệp,Tài nguyên,1455118883280,24.571,75.429,0,19785243325
NLG,Công ty Cổ phần Đầu tư Nam Long,HOSE,Dịch vụ Đầu tư Bất Động Sản,Bất động sản,7459834886000,24.492,75.508,0,20663379700
NNC,Công ty Cổ phần Đá Núi Nhỏ,HOSE,Xây dựng & Vật liệu,Xây dựng & Vật liệu,1045584000000,4.44,95.56,0,1291897950
NRC,Công ty Cổ phần Bất động sản NETLAND,HNX,Dịch vụ Đầu tư Bất Động Sản,Bất động sản,373839484500,51.02,48.98,0,1589816150
NSC,Công ty Cổ phần Giống cây trồng Trung Ương ,HOSE,Sản xuất thực phẩm,Thực phẩm & Đồ uống,1230216120000,1.067,98.933,0,1172867900
NT2,Công ty Cổ phần Điện lực Dầu khí Nhơn Trạch 2 ,HOSE,Điện lực,Dịch vụ tiện ích,6505998255400,0.06,99.94,62.31,3711304550
NTC,Công ty cổ phần Khu Công nghiệp Nam Tân Uyên,UPCOM,Dịch vụ Đầu tư Bất Động Sản,Bất động sản,3803408000000,0.178,99.822,0,4466978800
NTL,Công ty Cổ phần Phát triển đô thị Từ Liêm,HOSE,Dịch vụ Đầu tư Bất Động Sản,Bất động sản,1097819100000,45.956,54.044,0,9238185250
NTP,Công ty Cổ phần Nhựa Thiếu niên Tiền Phong ,HNX,Xây dựng & Vật liệu,Xây dựng & Vật liệu,3957951748800,20.941,79.059,37.1,1882144530
NVB,Ngân hàng Thương mại Cổ phần Quốc Dân ,HNX,Ngân hàng,Ngân hàng,3539191206900,12.581,87.419,0,21847834805
NVL,Công ty cổ phần Tập đoàn Đầu tư Địa ốc No Va,HOSE,Dịch vụ Đầu tư Bất Động Sản,Bất động sản,61302090254400,36.157,63.843,0,87509471900
OGC,Công ty Cổ phần Tập đoàn Đại Dương ,HOSE,Dịch vụ Đầu tư Bất Động Sản,Bất động sản,2297999992340,10.663,89.337,12.02,11207679495
OIL,Tổng Công ty Dầu Việt Nam – Công ty cổ phần,UPCOM,Sản xuất dầu khí,Dầu khí,8435175802000,0,100,80.52,3308066770
PAC,Công ty Cổ phần Pin Ắc quy miền Nam,HOSE,Dụng cụ điện & Điện tử,Hàng hóa và dịch vụ công nghiệp,1208264382000,0.041,99.959,51.43,1081359250
PAN,Công ty Cổ phần Tập đoàn PAN,HOSE,Sản xuất thực phẩm,Thực phẩm & Đồ uống,4053799750000,4.229,95.771,0,2012389650
PAS,CÔNG TY CỔ PHẦN QUỐC TẾ PHƯƠNG ANH,UPCOM,Kim loại công nghiệp,Tài nguyên,317067000000,10.17,89.83,0,6776523550
PC1,Công ty cổ phần Xây lắp điện I,HOSE,Xây dựng & Vật liệu,Xây dựng & Vật liệu,3616643381900,27.188,72.812,0,4601576300
PDR,Công ty Cổ phần Phát triển Bất động sản Phát Đạt ,HOSE,Dịch vụ Đầu tư Bất Động Sản,Bất động sản,15587646542700,63.319,36.681,0,75833838900
PET,Tổng Công ty Cổ phần Dịch vụ Tổng hợp Dầu khí ,HOSE,Bán lẻ,Dịch vụ bán lẻ,844062292400,7.18,92.82,24.22,7832835175
PHC,Công ty Cổ phần Xây dựng Phục Hưng Holdings,HOSE,Xây dựng & Vật liệu,Xây dựng & Vật liệu,250015604600,39.46,60.54,0,1292735830
PHR,Công ty Cổ phần Cao su Phước Hòa ,HOSE,Hóa chất,Hóa chất,7858953484000,0.365,99.635,66.62,49818555950
PLC,Tổng Công ty Hóa dầu Petrolimex - CTCP,HNX,Hóa chất,Hóa chất,1842184504800,1.05,98.95,0,9227746165
PLP,Công ty cổ phần Sản xuất và Công nghệ Nhựa Pha Lê,HOSE,Khai thác mỏ,Tài nguyên,277998936650,27.284,72.716,0,3280977620
PLX,Tập đoàn Xăng dầu Việt Nam,HOSE,Sản xuất dầu khí,Dầu khí,58843685868000,0.007,99.993,75.87,14677089200
PNJ,Công ty Cổ phần Vàng bạc đá quý Phú Nhuận,HOSE,Bán lẻ,Dịch vụ bán lẻ,16141392664200,20.482,79.518,0,77483345550
POW,Tổng Công ty Điện lực Dầu khí Việt Nam – Công ty cổ phần,HOSE,Điện lực,Dịch vụ tiện ích,23044016544000,0.011,99.989,79.94,54999792015
PPC,Công ty Cổ phần Nhiệt điện Phả Lại ,HOSE,Điện lực,Dịch vụ tiện ích,7261885673100,0.039,99.961,51,3621524875
PSH,Công ty Cổ phần Thương mại Đầu tư Dầu khí Nam Sông Hậu,HOSE,Sản xuất dầu khí,Dầu khí,2284161718000,67.384,32.616,0,3705869875
PTB,Công ty cổ phần Phú Tài,HOSE,Xây dựng & Vật liệu,Xây dựng & Vật liệu,2454954347300,42.927,57.073,0,11358579700
PVB,Công ty Cổ phần Bọc Ống Dầu khí Việt Nam ,HNX,"Dụng cụ, dịch vụ & Phân phối Dầu",Dầu khí,315359970800,0,100,0,2780134300
PVC,Tổng công ty Hóa chất và Dịch vụ Dầu khí - CTCP (PVChem),HNX,"Dụng cụ, dịch vụ & Phân phối Dầu",Dầu khí,275500000000,0.418,99.582,36,1080978760
PVD,Tổng Công ty Cổ phần Khoan và Dịch vụ khoan dầu khí,HOSE,"Dụng cụ, dịch vụ & Phân phối Dầu",Dầu khí,4716653636800,0.095,99.905,50.41,53218972675
PVS,Tổng Công ty Cổ phần Dịch vụ Kỹ thuật Dầu khí Việt Nam,HNX,"Dụng cụ, dịch vụ & Phân phối Dầu",Dầu khí,6500341544000,0.073,99.927,60.98,63963731710
PVT,Tổng Công ty Cổ phần Vận tải dầu khí,HOSE,Giao thông công nghiệp,Hàng hóa và dịch vụ công nghiệp,3912018251800,0.057,99.943,51,28957045625
PVX,Tổng Công ty Cổ phần Xây lắp Dầu khí Việt Nam,UPCOM,Xây dựng & Vật liệu,Xây dựng & Vật liệu,639995246400,0.014,99.986,56.85,1243198920
PWA,Công ty Cổ phần Bất động sản Dầu khí,UPCOM,Dịch vụ Đầu tư Bất Động Sản,Bất động sản,103010000000,0.051,99.949,0,1479677315
QCG,Công ty Cổ phần Quốc Cường Gia Lai ,HOSE,Dịch vụ Đầu tư Bất Động Sản,Bất động sản,1615008057670,59.273,40.727,0,1471868910
QNS,Công Ty Cổ Phần Đường Quảng Ngãi,UPCOM,Sản xuất thực phẩm,Thực phẩm & Đồ uống,11251461261510,16.593,83.407,0,5092619565
RAL,Công ty Cổ phần Bóng đèn Phích nước Rạng Đông ,HOSE,Dụng cụ điện & Điện tử,Hàng hóa và dịch vụ công nghiệp,1470850000000,28.336,71.664,0,1322673750
REE,Công ty Cổ phần Cơ điện lạnh,HOSE,"Ga, nước & dịch vụ công cộng gia dụng",Dịch vụ tiện ích,12991133799400,20.925,79.075,5.27,17341269725
ROS,Công ty cổ phần Xây dựng FLC Faros,HOSE,Xây dựng & Vật liệu,Xây dựng & Vật liệu,1265743809830,0.214,99.786,0,16666617280
S99,Công ty Cổ phần SCI,HNX,Xây dựng & Vật liệu,Xây dựng & Vật liệu,933195669400,12.208,87.792,0,2154979530
SAB,Tổng Công ty Cổ phần Bia - Rượu - Nước giải khát Sài Gòn,HOSE,Đồ uống,Thực phẩm & Đồ uống,118957660003000,0,100,36,21139466250
SAM,Công ty Cổ phần SAM HOLDINGS,HOSE,Dụng cụ & công nghệ phần cứng,Công nghệ,2539394946000,0,100,0,1471676925
SAV,Công ty Cổ phần Hợp tác kinh tế và Xuất nhập khẩu SAVIMEX,HOSE,Hàng gia dụng,Đồ dùng cá nhân và đồ gia dụng,227265360000,1.712,98.288,0,1219257200
SBT,Công ty Cổ phần Thành Thành Công - Biên Hòa,HOSE,Sản xuất thực phẩm,Thực phẩm & Đồ uống,9006467473200,32.107,67.893,0,55349776625
SCR,Công ty Cổ phần Địa ốc Sài Gòn Thương Tín,HOSE,Dịch vụ Đầu tư Bất Động Sản,Bất động sản,2271409078600,1.698,98.302,0,10753447060
SCS,Công ty Cổ phần Dịch vụ Hàng hóa Sài Gòn,HOSE,Giao thông công nghiệp,Hàng hóa và dịch vụ công nghiệp,5982918030000,3.411,96.589,12.51,4120639300
SHB,Ngân hàng Thương mại Cổ phần Sài Gòn - Hà Nội ,HNX,Ngân hàng,Ngân hàng,28085391040000,6.929,93.071,4.64,48608598885
SHI,Công ty Cổ phần Quốc tế Sơn Hà,HOSE,Hàng gia dụng,Đồ dùng cá nhân và đồ gia dụng,749817087010,15.978,84.022,0,6007857675
SHS,Công ty Cổ phần Chứng khoán Sài Gòn Hà Nội ,HNX,Dịch vụ tài chính,Dịch vụ tài chính,2735940253200,3.26,96.74,2.11,40919783135
SIP,Công ty Cổ phần Đầu tư Sài Gòn VRG,UPCOM,Dịch vụ Đầu tư Bất Động Sản,Bất động sản,7863115476925,24.015,75.985,0,5255223690
SJD,Công ty Cổ phần Thủy Điện Cần Đơn,HOSE,Điện lực,Dịch vụ tiện ích,1269574608000,0.026,99.974,50.96,1517786375
SJF,Công Ty Cổ phần Đầu tư Sao Thái Dương,HOSE,Sản xuất thực phẩm,Thực phẩm & Đồ uống,170280000000,9.472,90.528,0,2311835415
SJS,Công ty Cổ phần Đầu tư Phát triển Đô thị và Khu công nghiệp Sông Đà,HOSE,Dịch vụ Đầu tư Bất Động Sản,Bất động sản,2744929268000,9.072,90.928,44.16,1953141000
SKG,Công ty Cổ phần Tàu cao tốc Superdong – Kiên Giang ,HOSE,Giao thông công nghiệp,Hàng hóa và dịch vụ công nghiệp,600384847800,32.903,67.097,0,1001469420
SLS,Công ty Cổ phần Mía đường Sơn La ,HNX,Sản xuất thực phẩm,Thực phẩm & Đồ uống,554224087000,33.906,66.094,0,1514005240
SMC,Công ty Cổ phần đầu tư thương mại SMC ,HOSE,Kim loại công nghiệp,Tài nguyên,718890703800,26.1,73.9,0,2613919775
SRA,Công ty Cổ phần Sara Việt Nam ,HNX,Phần mềm & Dịch vụ máy tính,Công nghệ,279000000000,8.41,91.59,0,6425742875
SSI,Công ty Cổ phần chứng khoán SSI,HOSE,Dịch vụ tài chính,Dịch vụ tài chính,10516386055000,3.882,96.118,0,86415309550
STB,Ngân hàng Thương mại Cổ phần Sài Gòn Thương Tín,HOSE,Ngân hàng,Ngân hàng,24619869305850,4.059,95.941,0,236555053200
STH,Công ty cổ phần phát hành sách Thái Nguyên,UPCOM,Bán lẻ,Dịch vụ bán lẻ,288600000000,35.923,64.077,0,1077985605
STK,Công ty Cổ phần Sợi thế kỷ ,HOSE,Hóa chất,Hóa chất,1227335292000,36.76,63.24,0,2357631600
SZC,Công ty cổ phần Sonadezi Châu Đức,HOSE,Xây dựng & Vật liệu,Xây dựng & Vật liệu,2575000000000,2.235,97.765,2.8,24342302500
SZL,Công ty Cổ phần Sonadezi Long Thành,HOSE,Dịch vụ Đầu tư Bất Động Sản,Bất động sản,878620470000,0.325,99.675,56.85,1149664300
TAR,Công ty cổ phần Nông nghiệp Công nghệ cao Trung An,HNX,Sản xuất thực phẩm,Thực phẩm & Đồ uống,869399523900,50.573,49.427,0,8935628345
TCB,Ngân hàng Thương mại Cổ phần Kỹ Thương Việt Nam - Techcombank,HOSE,Ngân hàng,Ngân hàng,77528100158300,21.919,78.081,0.03,592617393725
TCH,Công ty Cổ phần Đầu tư Dịch vụ Tài chính Hoàng Huy,HOSE,Dịch vụ Đầu tư Bất Động Sản,Bất động sản,6641505403200,49.381,50.619,0,224484927450
TCL,Công ty Cổ phần Đại lý giao nhận Vận tải xếp dỡ Tân Cảng ,HOSE,Giao thông công nghiệp,Hàng hóa và dịch vụ công nghiệp,731342073000,1.014,98.986,51,7454240425
TCM,Công ty Cổ phần Dệt may - Đầu tư - Thương mại Thành Công ,HOSE,Hàng hóa cá nhân,Đồ dùng cá nhân và đồ gia dụng,1549197475000,0.108,99.892,0,20184984075
TCT,Công ty Cổ phần Cáp treo Núi Bà Tây Ninh ,HOSE,Du lịch & Giải trí,Du lịch & Giải trí,342718400000,0,100,0,1236875700
TDC,Công ty Cổ phần Kinh doanh và Phát triển Bình Dương,HOSE,Xây dựng & Vật liệu,Xây dựng & Vật liệu,960000000000,1.405,98.595,60.7,3637337740
TDG,Công ty Cổ phần Dầu khí Thái Dương,HOSE,Sản xuất dầu khí,Dầu khí,39744900000,16.461,83.539,0,1649314420
TDH,Công ty Cổ phần Phát triển nhà Thủ Đức,HOSE,Dịch vụ Đầu tư Bất Động Sản,Bất động sản,824618254440,5.734,94.266,6,7371197050
TDM,Công ty cổ phần Nước Thủ Dầu Một,HOSE,"Ga, nước & dịch vụ công cộng gia dụng",Dịch vụ tiện ích,2248950000000,8.903,91.097,0,4455200325
TDP,Công ty cổ phần Thuận Đức,HOSE,Hóa chất,Hóa chất,1495199968850,49.853,50.147,0,4380570200
TDT,Công ty Cổ phần Đầu tư và Phát triển TDT,HNX,Hàng hóa cá nhân,Đồ dùng cá nhân và đồ gia dụng,158986041600,28.655,71.345,0,1239334045
TIG,Công ty Cổ phần Tập đoàn Đầu tư Thăng Long ,HNX,Dịch vụ Đầu tư Bất Động Sản,Bất động sản,527308763200,22.296,77.704,0,6842875685
TIP,Công ty Cổ phần Phát triển Khu công nghiệp Tín Nghĩa,HOSE,Quỹ đầu tư Bất Động Sản,Bất động sản,744990046950,1.432,98.568,0,4025894900
TLD,Công ty Cổ phần Đầu tư Xây dựng và Phát triển Đô thị Thăng Long,HOSE,Xây dựng & Vật liệu,Xây dựng & Vật liệu,319654246800,13.108,86.892,0,12348841175
TLG,Công ty Cổ phần Tập đoàn Thiên Long,HOSE,Hàng gia dụng,Đồ dùng cá nhân và đồ gia dụng,2670305855000,12.136,87.864,0,3129744550
TNA,Công ty Cổ phần Thương Mại Xuất Nhập Khẩu Thiên Nam,HOSE,Bán lẻ,Dịch vụ bán lẻ,561249502500,44.568,55.432,0,3514325175
TNG,Công ty Cổ phần Đầu tư và Thương mại TNG ,HNX,Hàng hóa cá nhân,Đồ dùng cá nhân và đồ gia dụng,895351660500,41.626,58.374,0,8350788570
TNI,Công ty cổ phần Tập đoàn Thành Nam,HOSE,Kim loại công nghiệp,Tài nguyên,160650000000,1.511,98.489,0,1763499135
TPB,Ngân hàng Thương mại cổ phần Tiên Phong,HOSE,Ngân hàng,Ngân hàng,19311954997500,17.765,82.235,4.49,59486490500
TSC,Công ty Cổ phần Vật tư kỹ thuật nông nghiệp Cần Thơ,HOSE,Sản xuất thực phẩm,Thực phẩm & Đồ uống,420797039400,0.076,99.924,0,1323462385
TTA,Công ty Cổ phần Đầu tư Xây dựng và Phát triển Trường Thành,HOSE,Điện lực,Dịch vụ tiện ích,2052000000000,45.908,54.092,0,10856270450
TTB,Công ty Cổ phần Tập đoàn Tiến Bộ,HOSE,Xây dựng & Vật liệu,Xây dựng & Vật liệu,231793420500,27.358,72.642,0,3694630495
TTF,Công ty Cổ phần Tập đoàn Kỹ nghệ gỗ Trường Thành ,HOSE,Hàng gia dụng,Đồ dùng cá nhân và đồ gia dụng,1879542221480,2.348,97.652,0,34917917565
TV2,Công ty Cổ phần Tư vấn Xây dựng điện 2,HOSE,Dịch vụ hỗ trợ,Hàng hóa và dịch vụ công nghiệp,1669293025200,1.628,98.372,51.33,3318156925
TVB,Công ty Cổ phần Chứng khoán Trí Việt,HOSE,Dịch vụ tài chính,Dịch vụ tài chính,432595028900,0.011,99.989,0,7315189035
TVC,Công ty cổ phần Tập đoàn Quản lý Tài sản Trí Việt,HNX,Dịch vụ tài chính,Dịch vụ tài chính,429805705000,0.055,99.945,0,11475743085
VC3,CÔNG TY CỔ PHẦN TẬP ĐOÀN NAM MÊ KÔNG,HNX,Xây dựng & Vật liệu,Xây dựng & Vật liệu,1025062785600,0.292,99.708,0,3037626400
VCB,Ngân hàng Thương mại Cổ phần Ngoại thương Việt Nam ,HOSE,Ngân hàng,Ngân hàng,315254583080000,0.008,99.992,74.8,77867625900
VCG,Tổng Công ty Cổ phần Xuất nhập khẩu và xây dựng Việt Nam ,HNX,Xây dựng & Vật liệu,Xây dựng & Vật liệu,18198479727600,0.02,99.98,0,14965932590
VCI,Công ty Cổ phần Chứng khoán Bản Việt,HOSE,Dịch vụ tài chính,Dịch vụ tài chính,6441840000000,34.605,65.395,0,41817684125
VCP,Công ty Cổ phần Đầu tư Xây dựng và Phát triển Năng lượng Vinaconex,UPCOM,Điện lực,Dịch vụ tiện ích,2729330664819,1.185,98.815,0,3170263275
VCR,Công ty Cổ phần Đầu tư và Phát triển Du lịch Vinaconex,UPCOM,Dịch vụ Đầu tư Bất Động Sản,Bất động sản,688536000000,0.092,99.908,0,3654366680
VCS,Công ty Cổ phần VICOSTONE,HNX,Xây dựng & Vật liệu,Xây dựng & Vật liệu,11469280000000,4.05,95.95,0,21704653005
VEA,Tổng công ty Máy Động lực và Máy Nông nghiệp Việt Nam – CTCP,UPCOM,Ôtô & phụ tùng ôtô,Ôtô & linh kiện phụ tùng ,57701811200000,0.086,99.914,88.47,3324869065
VGC,Tổng Công ty Viglacera - CTCP,HOSE,Xây dựng & Vật liệu,Xây dựng & Vật liệu,10312050000000,0.517,99.483,38.58,3337421375
VGI,Tổng Công ty cổ phần Đầu tư Quốc tế Viettel,UPCOM,Viễn thông cố định,Viễn thông,85098873529600,0.003,99.997,99.03,13162633010
VGT,Tập đoàn Dệt May Việt Nam,UPCOM,Hàng hóa cá nhân,Đồ dùng cá nhân và đồ gia dụng,4303500000000,2.009,97.991,53.49,3074337045
VHC,Công ty Cổ phần Vĩnh Hoàn,HOSE,Sản xuất thực phẩm,Thực phẩm & Đồ uống,7750900707600,49.378,50.622,0,17272131250
VHM,Công ty cổ phần Vinhomes,HOSE,Dịch vụ Đầu tư Bất Động Sản,Bất động sản,249674106376200,0,100,0,185671937050
VIC,Tập đoàn VINGROUP - CTCP,HOSE,Dịch vụ Đầu tư Bất Động Sản,Bất động sản,350081566065000,34.342,65.658,0,71553426250
VIP,Công ty Cổ phần Vận tải Xăng dầu VIPCO,HOSE,Giao thông công nghiệp,Hàng hóa và dịch vụ công nghiệp,421632860040,0.174,99.826,51,1053942595
VIX,CÔNG TY CỔ PHẦN CHỨNG KHOÁN VIX,HNX,Dịch vụ tài chính,Dịch vụ tài chính,1839153240000,7.796,92.204,0,12861262765
VJC,Công ty cổ phần Hàng không VIETJET,HOSE,Du lịch & Giải trí,Du lịch & Giải trí,55264971667000,10.708,89.292,0,51954098650
VLC,Tổng Công ty Chăn nuôi Việt Nam - CTCP,UPCOM,Sản xuất thực phẩm,Thực phẩm & Đồ uống,1719439149000,0.19,99.81,0,1188427980
VND,Công ty Cổ phần Chứng khoán VNDIRECT,HOSE,Dịch vụ tài chính,Dịch vụ tài chính,3305055789500,2.978,97.022,0,20539251625
VNG,Công ty Cổ phần Du lịch Thành Thành Công,HOSE,Du lịch & Giải trí,Du lịch & Giải trí,1473740611200,4.264,95.736,0,2831735850
VNM,Công ty Cổ phần Sữa Việt Nam,HOSE,Sản xuất thực phẩm,Thực phẩm & Đồ uống,225681697368000,0.503,99.497,36,178925187200
VOC,Tổng Công ty Công nghiệp dầu thực vật Việt Nam – CTCP,UPCOM,Sản xuất thực phẩm,Thực phẩm & Đồ uống,2088139200000,0.045,99.955,36.3,4825452980
VPB,Ngân hàng Thương mại Cổ phần Việt Nam thịnh vượng,HOSE,Ngân hàng,Ngân hàng,58993510457200,30.446,69.554,0.12,186620083025
VPG,Công ty cổ phần Đầu tư Thương mại Xuất nhập khẩu Việt Phát,HOSE,Khai thác mỏ,Tài nguyên,521357526200,42.812,57.188,0,13792761400
VPI,Công ty Cổ phần Đầu tư Văn Phú - Invest,HOSE,Dịch vụ Đầu tư Bất Động Sản,Bất động sản,6630000000000,37.336,62.664,0,41307339375
VRE,Công ty Cổ phần Vincom Retail,HOSE,Dịch vụ Đầu tư Bất Động Sản,Bất động sản,58966662739500,0,100,0,128083197350
VRG,Công ty Cổ phần Phát triển đô thị và Khu công nghiệp Cao su Việt Nam,UPCOM,Xây dựng & Vật liệu,Xây dựng & Vật liệu,678160698052,0.489,99.511,7.72,4502549195
VSC,Công ty Cổ phần Container Việt Nam ,HOSE,Giao thông công nghiệp,Hàng hóa và dịch vụ công nghiệp,2397841713000,3.005,96.995,0,8509048175
VSH,Công ty Cổ phần Thủy điện Vĩnh Sơn – Sông Hinh,HOSE,Điện lực,Dịch vụ tiện ích,3980456047800,0.144,99.856,30.55,1461034375
VTD,Công ty Cổ phần Du lịch Vietourist,UPCOM,Du lịch & Giải trí,Du lịch & Giải trí,60864000000,19.629,80.371,0,2954618605
VTP,Tổng công ty Cổ phần Bưu chính Viettel,UPCOM,Giao thông công nghiệp,Hàng hóa và dịch vụ công nghiệp,8943514198866,0.717,99.283,66.81,9597285595
YEG,Công ty cổ phần Tập đoàn Yeah1,HOSE,Truyền thông,Phương tiện truyền thông,1404470563200,30.57,69.43,0,1529851300
